key,label,code,uri,is_open,visible_on_dataspace,alt_codes
GODL-India,Government Open Data License – India,GODL-India,https://civicdataspace.in/id/licence/godl-india,True,yes,dataspace_enum=GOVERNMENT_OPEN_DATA_LICENSE
CC-PDM-1.0,Creative    Commons Public Domain Mark 1.0 Universal,CC-PDM-1.0,https://spdx.org/licenses/CC-PDM-1.0,False,no,spdx_detail=https://spdx.org/licenses/CC-PDM-1.0.json
CC-BY-1.0,Creative Commons Attribution 1.0 Generic,CC-BY-1.0,https://spdx.org/licenses/CC-BY-1.0,False,no,spdx_detail=https://spdx.org/licenses/CC-BY-1.0.json
CC-BY-2.0,Creative Commons Attribution 2.0 Generic,CC-BY-2.0,https://spdx.org/licenses/CC-BY-2.0,False,no,spdx_detail=https://spdx.org/licenses/CC-BY-2.0.json
CC-BY-2.5-AU,Creative Commons Attribution 2.5 Australia,CC-BY-2.5-AU,https://spdx.org/licenses/CC-BY-2.5-AU,False,no,spdx_detail=https://spdx.org/licenses/CC-BY-2.5-AU.json
CC-BY-2.5,Creative Commons Attribution 2.5 Generic,CC-BY-2.5,https://spdx.org/licenses/CC-BY-2.5,False,no,spdx_detail=https://spdx.org/licenses/CC-BY-2.5.json
CC-BY-3.0-AU,Creative Commons Attribution 3.0 Australia,CC-BY-3.0-AU,https://spdx.org/licenses/CC-BY-3.0-AU,False,no,spdx_detail=https://spdx.org/licenses/CC-BY-3.0-AU.json
CC-BY-3.0-AT,Creative Commons Attribution 3.0 Austria,CC-BY-3.0-AT,https://spdx.org/licenses/CC-BY-3.0-AT,False,no,spdx_detail=https://spdx.org/licenses/CC-BY-3.0-AT.json
CC-BY-3.0-DE,Creative Commons Attribution 3.0 Germany,CC-BY-3.0-DE,https://spdx.org/licenses/CC-BY-3.0-DE,False,no,spdx_detail=https://spdx.org/licenses/CC-BY-3.0-DE.json
CC-BY-3.0-IGO,Creative Commons Attribution 3.0 IGO,CC-BY-3.0-IGO,https://spdx.org/licenses/CC-BY-3.0-IGO,False,no,spdx_detail=https://spdx.org/licenses/CC-BY-3.0-IGO.json
CC-BY-3.0-NL,Creative Commons Attribution 3.0 Netherlands,CC-BY-3.0-NL,https://spdx.org/licenses/CC-BY-3.0-NL,False,no,spdx_detail=https://spdx.org/licenses/CC-BY-3.0-NL.json
CC-BY-3.0-US,Creative Commons Attribution 3.0 United States,CC-BY-3.0-US,https://spdx.org/licenses/CC-BY-3.0-US,False,no,spdx_detail=https://spdx.org/licenses/CC-BY-3.0-US.json
CC-BY-3.0,Creative Commons Attribution 3.0 Unported,CC-BY-3.0,https://spdx.org/licenses/CC-BY-3.0,False,no,spdx_detail=https://spdx.org/licenses/CC-BY-3.0.json
CC-BY-4.0,Creative Commons Attribution 4.0,CC-BY-4.0,http://creativecommons.org/licenses/by/4.0/,True,yes,authority_label=Creative Commons Attribution 4.0 International|dataspace_enum=CC_BY_4_0_ATTRIBUTION|spdx_detail=https://spdx.org/licenses/CC-BY-4.0.json
CC-BY-ND-1.0,Creative Commons Attribution No Derivatives 1.0 Generic,CC-BY-ND-1.0,https://spdx.org/licenses/CC-BY-ND-1.0,False,no,spdx_detail=https://spdx.org/licenses/CC-BY-ND-1.0.json
CC-BY-ND-2.0,Creative Commons Attribution No Derivatives 2.0 Generic,CC-BY-ND-2.0,https://spdx.org/licenses/CC-BY-ND-2.0,False,no,spdx_detail=https://spdx.org/licenses/CC-BY-ND-2.0.json
CC-BY-ND-2.5,Creative Commons Attribution No Derivatives 2.5 Generic,CC-BY-ND-2.5,https://spdx.org/licenses/CC-BY-ND-2.5,False,no,spdx_detail=https://spdx.org/licenses/CC-BY-ND-2.5.json
CC-BY-ND-3.0-DE,Creative Commons Attribution No Derivatives 3.0 Germany,CC-BY-ND-3.0-DE,https://spdx.org/licenses/CC-BY-ND-3.0-DE,False,no,spdx_detail=https://spdx.org/licenses/CC-BY-ND-3.0-DE.json
CC-BY-ND-3.0,Creative Commons Attribution No Derivatives 3.0 Unported,CC-BY-ND-3.0,https://spdx.org/licenses/CC-BY-ND-3.0,False,no,spdx_detail=https://spdx.org/licenses/CC-BY-ND-3.0.json
CC-BY-ND-4.0,Creative Commons Attribution No Derivatives 4.0 International,CC-BY-ND-4.0,https://spdx.org/licenses/CC-BY-ND-4.0,False,no,spdx_detail=https://spdx.org/licenses/CC-BY-ND-4.0.json
CC-BY-NC-1.0,Creative Commons Attribution Non Commercial 1.0 Generic,CC-BY-NC-1.0,https://spdx.org/licenses/CC-BY-NC-1.0,False,no,spdx_detail=https://spdx.org/licenses/CC-BY-NC-1.0.json
CC-BY-NC-2.0,Creative Commons Attribution Non Commercial 2.0 Generic,CC-BY-NC-2.0,https://spdx.org/licenses/CC-BY-NC-2.0,False,no,spdx_detail=https://spdx.org/licenses/CC-BY-NC-2.0.json
CC-BY-NC-2.5,Creative Commons Attribution Non Commercial 2.5 Generic,CC-BY-NC-2.5,https://spdx.org/licenses/CC-BY-NC-2.5,False,no,spdx_detail=https://spdx.org/licenses/CC-BY-NC-2.5.json
CC-BY-NC-3.0-DE,Creative Commons Attribution Non Commercial 3.0 Germany,CC-BY-NC-3.0-DE,https://spdx.org/licenses/CC-BY-NC-3.0-DE,False,no,spdx_detail=https://spdx.org/licenses/CC-BY-NC-3.0-DE.json
CC-BY-NC-3.0-IGO,Creative Commons Attribution Non Commercial 3.0 IGO,CC-BY-NC-3.0-IGO,https://spdx.org/licenses/CC-BY-NC-3.0-IGO,False,no,spdx_detail=https://spdx.org/licenses/CC-BY-NC-3.0-IGO.json
CC-BY-NC-3.0,Creative Commons Attribution Non Commercial 3.0 Unported,CC-BY-NC-3.0,https://spdx.org/licenses/CC-BY-NC-3.0,False,no,spdx_detail=https://spdx.org/licenses/CC-BY-NC-3.0.json
CC-BY-NC-4.0,Creative Commons Attribution Non Commercial 4.0 International,CC-BY-NC-4.0,http://creativecommons.org/licenses/by-nc/4.0/,False,no,spdx_detail=https://spdx.org/licenses/CC-BY-NC-4.0.json
CC-BY-NC-ND-1.0,Creative Commons Attribution Non Commercial No Derivatives 1.0 Generic,CC-BY-NC-ND-1.0,https://spdx.org/licenses/CC-BY-NC-ND-1.0,False,no,spdx_detail=https://spdx.org/licenses/CC-BY-NC-ND-1.0.json
CC-BY-NC-ND-2.0,Creative Commons Attribution Non Commercial No Derivatives 2.0 Generic,CC-BY-NC-ND-2.0,https://spdx.org/licenses/CC-BY-NC-ND-2.0,False,no,spdx_detail=https://spdx.org/licenses/CC-BY-NC-ND-2.0.json
CC-BY-NC-ND-2.5,Creative Commons Attribution Non Commercial No Derivatives 2.5 Generic,CC-BY-NC-ND-2.5,https://spdx.org/licenses/CC-BY-NC-ND-2.5,False,no,spdx_detail=https://spdx.org/licenses/CC-BY-NC-ND-2.5.json
CC-BY-NC-ND-3.0-DE,Creative Commons Attribution Non Commercial No Derivatives 3.0 Germany,CC-BY-NC-ND-3.0-DE,https://spdx.org/licenses/CC-BY-NC-ND-3.0-DE,False,no,spdx_detail=https://spdx.org/licenses/CC-BY-NC-ND-3.0-DE.json
CC-BY-NC-ND-3.0-IGO,Creative Commons Attribution Non Commercial No Derivatives 3.0 IGO,CC-BY-NC-ND-3.0-IGO,https://spdx.org/licenses/CC-BY-NC-ND-3.0-IGO,False,no,spdx_detail=https://spdx.org/licenses/CC-BY-NC-ND-3.0-IGO.json
CC-BY-NC-ND-3.0,Creative Commons Attribution Non Commercial No Derivatives 3.0 Unported,CC-BY-NC-ND-3.0,https://spdx.org/licenses/CC-BY-NC-ND-3.0,False,no,spdx_detail=https://spdx.org/licenses/CC-BY-NC-ND-3.0.json
CC-BY-NC-ND-4.0,Creative Commons Attribution Non Commercial No Derivatives 4.0 International,CC-BY-NC-ND-4.0,https://spdx.org/licenses/CC-BY-NC-ND-4.0,False,no,spdx_detail=https://spdx.org/licenses/CC-BY-NC-ND-4.0.json
CC-BY-NC-SA-1.0,Creative Commons Attribution Non Commercial Share Alike 1.0 Generic,CC-BY-NC-SA-1.0,https://spdx.org/licenses/CC-BY-NC-SA-1.0,False,no,spdx_detail=https://spdx.org/licenses/CC-BY-NC-SA-1.0.json
CC-BY-NC-SA-2.0-UK,Creative Commons Attribution Non Commercial Share Alike 2.0 England and Wales,CC-BY-NC-SA-2.0-UK,https://spdx.org/licenses/CC-BY-NC-SA-2.0-UK,False,no,spdx_detail=https://spdx.org/licenses/CC-BY-NC-SA-2.0-UK.json
CC-BY-NC-SA-2.0,Creative Commons Attribution Non Commercial Share Alike 2.0 Generic,CC-BY-NC-SA-2.0,https://spdx.org/licenses/CC-BY-NC-SA-2.0,False,no,spdx_detail=https://spdx.org/licenses/CC-BY-NC-SA-2.0.json
CC-BY-NC-SA-2.0-DE,Creative Commons Attribution Non Commercial Share Alike 2.0 Germany,CC-BY-NC-SA-2.0-DE,https://spdx.org/licenses/CC-BY-NC-SA-2.0-DE,False,no,spdx_detail=https://spdx.org/licenses/CC-BY-NC-SA-2.0-DE.json
CC-BY-NC-SA-2.5,Creative Commons Attribution Non Commercial Share Alike 2.5 Generic,CC-BY-NC-SA-2.5,https://spdx.org/licenses/CC-BY-NC-SA-2.5,False,no,spdx_detail=https://spdx.org/licenses/CC-BY-NC-SA-2.5.json
CC-BY-NC-SA-3.0-DE,Creative Commons Attribution Non Commercial Share Alike 3.0 Germany,CC-BY-NC-SA-3.0-DE,https://spdx.org/licenses/CC-BY-NC-SA-3.0-DE,False,no,spdx_detail=https://spdx.org/licenses/CC-BY-NC-SA-3.0-DE.json
CC-BY-NC-SA-3.0-IGO,Creative Commons Attribution Non Commercial Share Alike 3.0 IGO,CC-BY-NC-SA-3.0-IGO,https://spdx.org/licenses/CC-BY-NC-SA-3.0-IGO,False,no,spdx_detail=https://spdx.org/licenses/CC-BY-NC-SA-3.0-IGO.json
CC-BY-NC-SA-3.0,Creative Commons Attribution Non Commercial Share Alike 3.0 Unported,CC-BY-NC-SA-3.0,https://spdx.org/licenses/CC-BY-NC-SA-3.0,False,no,spdx_detail=https://spdx.org/licenses/CC-BY-NC-SA-3.0.json
CC-BY-NC-SA-4.0,Creative Commons Attribution Non Commercial Share Alike 4.0 International,CC-BY-NC-SA-4.0,https://spdx.org/licenses/CC-BY-NC-SA-4.0,False,no,spdx_detail=https://spdx.org/licenses/CC-BY-NC-SA-4.0.json
CC-BY-SA-1.0,Creative Commons Attribution Share Alike 1.0 Generic,CC-BY-SA-1.0,https://spdx.org/licenses/CC-BY-SA-1.0,False,no,spdx_detail=https://spdx.org/licenses/CC-BY-SA-1.0.json
CC-BY-SA-2.0-UK,Creative Commons Attribution Share Alike 2.0 England and Wales,CC-BY-SA-2.0-UK,https://spdx.org/licenses/CC-BY-SA-2.0-UK,False,no,spdx_detail=https://spdx.org/licenses/CC-BY-SA-2.0-UK.json
CC-BY-SA-2.0,Creative Commons Attribution Share Alike 2.0 Generic,CC-BY-SA-2.0,https://spdx.org/licenses/CC-BY-SA-2.0,False,no,spdx_detail=https://spdx.org/licenses/CC-BY-SA-2.0.json
CC-BY-SA-2.1-JP,Creative Commons Attribution Share Alike 2.1 Japan,CC-BY-SA-2.1-JP,https://spdx.org/licenses/CC-BY-SA-2.1-JP,False,no,spdx_detail=https://spdx.org/licenses/CC-BY-SA-2.1-JP.json
CC-BY-SA-2.5,Creative Commons Attribution Share Alike 2.5 Generic,CC-BY-SA-2.5,https://spdx.org/licenses/CC-BY-SA-2.5,False,no,spdx_detail=https://spdx.org/licenses/CC-BY-SA-2.5.json
CC-BY-SA-3.0-AT,Creative Commons Attribution Share Alike 3.0 Austria,CC-BY-SA-3.0-AT,https://spdx.org/licenses/CC-BY-SA-3.0-AT,False,no,spdx_detail=https://spdx.org/licenses/CC-BY-SA-3.0-AT.json
CC-BY-SA-3.0-DE,Creative Commons Attribution Share Alike 3.0 Germany,CC-BY-SA-3.0-DE,https://spdx.org/licenses/CC-BY-SA-3.0-DE,False,no,spdx_detail=https://spdx.org/licenses/CC-BY-SA-3.0-DE.json
CC-BY-SA-3.0,Creative Commons Attribution Share Alike 3.0 Unported,CC-BY-SA-3.0,https://spdx.org/licenses/CC-BY-SA-3.0,False,no,spdx_detail=https://spdx.org/licenses/CC-BY-SA-3.0.json
CC-BY-NC-SA-2.0-FR,Creative Commons Attribution-NonCommercial-ShareAlike 2.0 France,CC-BY-NC-SA-2.0-FR,https://spdx.org/licenses/CC-BY-NC-SA-2.0-FR,False,no,spdx_detail=https://spdx.org/licenses/CC-BY-NC-SA-2.0-FR.json
CC-BY-SA-3.0-IGO,Creative Commons Attribution-ShareAlike 3.0 IGO,CC-BY-SA-3.0-IGO,https://spdx.org/licenses/CC-BY-SA-3.0-IGO,False,no,spdx_detail=https://spdx.org/licenses/CC-BY-SA-3.0-IGO.json
CC-BY-SA-4.0,Creative Commons Attribution-ShareAlike 4.0,CC-BY-SA-4.0,http://creativecommons.org/licenses/by-sa/4.0/,True,yes,authority_label=Creative Commons Attribution Share Alike 4.0 International|dataspace_enum=CC_BY_SA_4_0_ATTRIBUTION_SHARE_ALIKE|spdx_detail=https://spdx.org/licenses/CC-BY-SA-4.0.json
CC-PDDC,Creative Commons Public Domain Dedication and Certification,CC-PDDC,https://spdx.org/licenses/CC-PDDC,False,no,spdx_detail=https://spdx.org/licenses/CC-PDDC.json
CC-SA-1.0,Creative Commons Share Alike 1.0 Generic,CC-SA-1.0,https://spdx.org/licenses/CC-SA-1.0,False,no,spdx_detail=https://spdx.org/licenses/CC-SA-1.0.json
CC0-1.0,Creative Commons Zero v1.0 Universal,CC0-1.0,https://creativecommons.org/publicdomain/zero/1.0/,True,yes,spdx_detail=https://spdx.org/licenses/CC0-1.0.json
ODC-By-1.0,Open Data Commons Attribution License 1.0,ODC-By-1.0,https://opendatacommons.org/licenses/by/1-0/,True,yes,authority_label=Open Data Commons Attribution License v1.0|dataspace_enum=OPEN_DATA_COMMONS_BY_ATTRIBUTION|spdx_detail=https://spdx.org/licenses/ODC-By-1.0.json
PDDL-1.0,Open Data Commons Public Domain Dedication & License 1.0,PDDL-1.0,https://opendatacommons.org/licenses/pddl/1-0/,True,yes,spdx_detail=https://spdx.org/licenses/PDDL-1.0.json
ODbL-1.0,Open Database License 1.0,ODbL-1.0,https://opendatacommons.org/licenses/odbl/1-0/,True,yes,authority_label=Open Data Commons Open Database License v1.0|dataspace_enum=OPEN_DATABASE_LICENSE|spdx_detail=https://spdx.org/licenses/ODbL-1.0.json
